-- 1. CREATE TABLES
CREATE TABLE IF NOT EXISTS Users (
    id CHAR(36) PRIMARY KEY,
    first_name VARCHAR(50) NOT NULL,
    last_name VARCHAR(50) NOT NULL,
    birth_date DATE,
    email_address VARCHAR(100) UNIQUE NOT NULL,
    password_hash VARCHAR(255) NOT NULL,
    user_type VARCHAR(10) NOT NULL
    );

CREATE TABLE IF NOT EXISTS Cars (
    id CHAR(36) PRIMARY KEY,
    owner_id CHAR(36),
    brand VARCHAR(50) NOT NULL,
    model VARCHAR(50) NOT NULL,
    build_year INT NOT NULL,
    transmission_type VARCHAR(20) NOT NULL,
    color VARCHAR(20) NOT NULL,
    fuel_type VARCHAR(20) NOT NULL,
    length INT,
    width INT,
    seats INT,
    isofix_compatible BOOLEAN,
    phone_mount BOOLEAN,
    luggage_space DOUBLE,
    parking_sensors BOOLEAN,
    location_x FLOAT,
    location_y FLOAT,
    license_plate VARCHAR(10) NOT NULL,
    price_per_day DECIMAL(10,2) NOT NULL,
    purchase_price DECIMAL(10,2) NOT NULL,
    residual_value DECIMAL(10,2) NOT NULL,
    usage_years INT NOT NULL,
    annual_km INT NOT NULL,
    energy_cost_per_km DECIMAL(10,2) NOT NULL,
    maintenance_cost_per_km DECIMAL(10,2) NOT NULL
    );

CREATE TABLE IF NOT EXISTS Reservations (
    id CHAR(36) PRIMARY KEY,
    user_id CHAR(36),
    car_id CHAR(36),
    start_date DATETIME NOT NULL,
    end_date DATETIME NOT NULL
    );

CREATE TABLE IF NOT EXISTS Availabilities (
    id CHAR(36) PRIMARY KEY,
    car_id CHAR(36),
    start_date DATETIME NOT NULL,
    end_date DATETIME NULL
    );

CREATE TABLE IF NOT EXISTS Rides (
    id CHAR(36) PRIMARY KEY,
    reservation_id CHAR(36),
    start_x FLOAT,
    start_y FLOAT,
    end_x FLOAT,
    end_y FLOAT,
    length INT,
    duration INT
    );

CREATE TABLE IF NOT EXISTS Photos (
    id CHAR(36) PRIMARY KEY,
    car_id CHAR(36) NULL,
    reservation_id CHAR(36) NULL,
    user_id CHAR(36) NULL,
    file_path VARCHAR(255) NOT NULL
    );

CREATE TABLE IF NOT EXISTS BonusPoints (
    id CHAR(36) PRIMARY KEY,
    user_id CHAR(36),
    ride_id CHAR(36),
    points INT NOT NULL
    );

-- 2. INSERT USERS
INSERT INTO Users (id, first_name, last_name, birth_date, email_address, password_hash, user_type) VALUES
   ('3fa85f64-5717-4562-b3fc-2c963f66a001','Sanne','Jansen','1997-01-01','sanne.jansen@gmail.com','hash1','RENTER'),
   ('3fa85f64-5717-4562-b3fc-2c963f66a002','Mohammed','El Amrani','1990-01-01','mohammed.elamrani@protonmail.com','hash2','OWNER'),
   ('3fa85f64-5717-4562-b3fc-2c963f66a003','Anouk','van Dijk','1983-01-01','anouk.vandijk@outlook.com','hash3','RENTER'),
   ('3fa85f64-5717-4562-b3fc-2c963f66a004','Joris','Bakker','1995-01-01','joris.bakker@gmail.com','hash4','RENTER'),
   ('3fa85f64-5717-4562-b3fc-2c963f66a005','Fatima','Karimi','1998-01-01','fatima.karimi@runbox.com','hash5','OWNER'),
   ('3fa85f64-5717-4562-b3fc-2c963f66a006','Bas','de Vries','1992-01-01','bas.devries@gmail.com','hash6','RENTER'),
   ('3fa85f64-5717-4562-b3fc-2c963f66a007','Lotte','Vermeulen','1996-01-01','lotte.vermeulen@protonmail.com','hash7','OWNER'),
   ('3fa85f64-5717-4562-b3fc-2c963f66a008','Hassan','Bouhaddou','1984-01-01','hassan.bouhaddou@gmail.com','hash8','RENTER'),
   ('3fa85f64-5717-4562-b3fc-2c963f66a009','Frits','Manuhutu','1989-01-01','frits.manuhutu@outlook.com','hash9','OWNER'),
   ('3fa85f64-5717-4562-b3fc-2c963f66a010','Rachid','Mansour','2000-01-01','rachid.mansour@gmail.com','hash10','RENTER');

-- 3. INSERT NEW CARS
INSERT INTO Cars (id, owner_id, brand, model, build_year, transmission_type, color, fuel_type, length, width, seats, isofix_compatible, phone_mount, luggage_space, parking_sensors, location_x, location_y, license_plate, price_per_day, purchase_price, residual_value, usage_years, annual_km, energy_cost_per_km, maintenance_cost_per_km) VALUES
    ('4b285f64-5717-4562-b3fc-2c963f66b001','3fa85f64-5717-4562-b3fc-2c963f66a002','Land Rover','Series 3',1975,'MANUAL','GREEN','ICE',3880,1600,2,FALSE,FALSE,200.0,FALSE,51.5652,3.5912,'98-YA-67',80.00,25000.00,15000.00,5,15000,0.10,0.05),
    ('4b285f64-5717-4562-b3fc-2c963f66b002','3fa85f64-5717-4562-b3fc-2c963f66a005','Citroen','GSA Pallas',1980,'SEMI_AUTOMATIC','BLUE','ICE',3800,1650,4,FALSE,FALSE,220.0,FALSE,51.9853,5.9112,'42-NZ-KR',55.00,18000.00,12000.00,5,16000,0.12,0.06),
    ('4b285f64-5717-4562-b3fc-2c963f66b003','3fa85f64-5717-4562-b3fc-2c963f66a007','BMW','X5 drive 45e',2021,'AUTOMATIC','GREY','ICE',5000,2000,5,TRUE,TRUE,650.0,TRUE,52.3702,4.8952,'L-520-HB',110.00,65000.00,50000.00,5,18000,0.06,0.05),
    ('4b285f64-5717-4562-b3fc-2c963f66b004','3fa85f64-5717-4562-b3fc-2c963f66a002','Toyota','Yaris 1.3 VVT-i',2015,'MANUAL','BLUE','ICE',3950,1695,5,TRUE,TRUE,270.0,FALSE,52.6310,4.7560,'G-148-BK',60.00,20000.00,14000.00,5,17000,0.11,0.05),
    ('4b285f64-5717-4562-b3fc-2c963f66b005','3fa85f64-5717-4562-b3fc-2c963f66a005','Audi','A6 1.8 TFSI',2016,'AUTOMATIC','GREY','ICE',4700,1850,5,FALSE,TRUE,500.0,TRUE,52.0705,4.3007,'JR-900-R',75.00,30000.00,22000.00,5,18000,0.12,0.06),
    ('4b285f64-5717-4562-b3fc-2c963f66b006','3fa85f64-5717-4562-b3fc-2c963f66a007','Saab','9000 2.3 Turbo CSE',1996,'MANUAL','BLACK','ICE',4700,1800,5,TRUE,TRUE,450.0,TRUE,51.9470,5.2310,'53-DZ-ZL',85.00,28000.00,20000.00,5,16000,0.11,0.06),
    ('4b285f64-5717-4562-b3fc-2c963f66b007','3fa85f64-5717-4562-b3fc-2c963f66a010','Suzuki','Swift 1.3 GLX',1998,'MANUAL','RED','ICE',3700,1680,5,FALSE,FALSE,300.0,FALSE,52.0920,5.1040,'TP-TN-24',50.00,15000.00,9000.00,5,14000,0.13,0.05),
    ('4b285f64-5717-4562-b3fc-2c963f66b008','3fa85f64-5717-4562-b3fc-2c963f66a005','Chevrolet','Corsica 2.2 LT',1992,'MANUAL','GREEN','ICE',4450,1720,5,FALSE,FALSE,400.0,FALSE,51.9870,5.9100,'FF-XN-82',65.00,22000.00,15000.00,5,15000,0.12,0.06),
    ('4b285f64-5717-4562-b3fc-2c963f66b009','3fa85f64-5717-4562-b3fc-2c963f66a007','Volkswagen','Kever 1500',1970,'MANUAL','BLACK','ICE',4000,1550,2,FALSE,FALSE,150.0,FALSE,52.0910,5.1100,'DR-59-13',45.00,18000.00,12000.00,5,13000,0.13,0.05),
    ('4b285f64-5717-4562-b3fc-2c963f66b010','3fa85f64-5717-4562-b3fc-2c963f66a002','Austin','A30',1955,'MANUAL','BEIGE','ICE',3500,1500,4,FALSE,FALSE,120.0,FALSE,52.0900,5.1200,'53-DZ-61',40.00,12000.00,7000.00,5,12000,0.14,0.05),
    ('7f57db8e-9684-4257-92fe-5d942e4e8cd2','3fa85f64-5717-4562-b3fc-2c963f66a002','Trabant','601',1988,'MANUAL','BLUE','ICE',3550,1500,4,FALSE,FALSE,450,FALSE,52.0400,4.1400,'AM-07-35',50.00,4900.00,1200.00,5,12000,0.14,0.05);

-- 4. INSERT RESERVATIONS
INSERT INTO Reservations (id, user_id, car_id, start_date, end_date) VALUES
    ('5c385f64-5717-4562-b3fc-2c963f66c001','3fa85f64-5717-4562-b3fc-2c963f66a001','4b285f64-5717-4562-b3fc-2c963f66b001','2025-10-10 09:00','2025-10-10 18:00'),
    ('5c385f64-5717-4562-b3fc-2c963f66c002','3fa85f64-5717-4562-b3fc-2c963f66a004','4b285f64-5717-4562-b3fc-2c963f66b002','2025-10-11 08:00','2025-10-11 17:00'),
    ('5c385f64-5717-4562-b3fc-2c963f66c003','3fa85f64-5717-4562-b3fc-2c963f66a006','4b285f64-5717-4562-b3fc-2c963f66b003','2025-10-12 10:00','2025-10-12 16:00'),
    ('5c385f64-5717-4562-b3fc-2c963f66c004','3fa85f64-5717-4562-b3fc-2c963f66a008','4b285f64-5717-4562-b3fc-2c963f66b004','2025-10-13 09:00','2025-10-13 18:00'),
    ('5c385f64-5717-4562-b3fc-2c963f66c005','3fa85f64-5717-4562-b3fc-2c963f66a010','4b285f64-5717-4562-b3fc-2c963f66b005','2025-10-14 07:00','2025-10-14 15:00'),
    ('5c385f64-5717-4562-b3fc-2c963f66c006','3fa85f64-5717-4562-b3fc-2c963f66a003','4b285f64-5717-4562-b3fc-2c963f66b006','2025-10-15 12:00','2025-10-15 20:00'),
    ('5c385f64-5717-4562-b3fc-2c963f66c007','3fa85f64-5717-4562-b3fc-2c963f66a002','4b285f64-5717-4562-b3fc-2c963f66b007','2025-10-16 08:00','2025-10-16 18:00'),
    ('5c385f64-5717-4562-b3fc-2c963f66c008','3fa85f64-5717-4562-b3fc-2c963f66a009','4b285f64-5717-4562-b3fc-2c963f66b008','2025-10-17 09:00','2025-10-17 17:00'),
    ('5c385f64-5717-4562-b3fc-2c963f66c009','3fa85f64-5717-4562-b3fc-2c963f66a007','4b285f64-5717-4562-b3fc-2c963f66b009','2025-10-18 10:00','2025-10-18 16:00'),
    ('5c385f64-5717-4562-b3fc-2c963f66c010','3fa85f64-5717-4562-b3fc-2c963f66a001','4b285f64-5717-4562-b3fc-2c963f66b010','2025-10-19 09:00','2025-10-19 18:00');

-- 5. INSERT AVAILABILITIES
INSERT INTO Availabilities (id, car_id, start_date, end_date) VALUES
    ('9d785f64-5717-4562-b3fc-2c963f66d001','4b285f64-5717-4562-b3fc-2c963f66b001','2025-10-01 08:00','2025-10-31 20:00'),
    ('9d785f64-5717-4562-b3fc-2c963f66d002','4b285f64-5717-4562-b3fc-2c963f66b002','2025-10-01 08:00','2025-10-31 20:00'),
    ('9d785f64-5717-4562-b3fc-2c963f66d003','4b285f64-5717-4562-b3fc-2c963f66b003','2025-10-01 08:00','2025-10-31 20:00'),
    ('9d785f64-5717-4562-b3fc-2c963f66d004','4b285f64-5717-4562-b3fc-2c963f66b004','2025-10-01 08:00','2025-10-31 20:00'),
    ('9d785f64-5717-4562-b3fc-2c963f66d005','4b285f64-5717-4562-b3fc-2c963f66b005','2025-10-01 08:00','2025-10-31 20:00'),
    ('9d785f64-5717-4562-b3fc-2c963f66d006','4b285f64-5717-4562-b3fc-2c963f66b006','2025-10-01 08:00','2025-10-31 20:00'),
    ('9d785f64-5717-4562-b3fc-2c963f66d007','4b285f64-5717-4562-b3fc-2c963f66b007','2025-10-01 08:00','2025-10-31 20:00'),
    ('9d785f64-5717-4562-b3fc-2c963f66d008','4b285f64-5717-4562-b3fc-2c963f66b008','2025-10-01 08:00','2025-10-31 20:00'),
    ('9d785f64-5717-4562-b3fc-2c963f66d009','4b285f64-5717-4562-b3fc-2c963f66b009','2025-10-01 08:00', NULL),
    ('9d785f64-5717-4562-b3fc-2c963f66d010','4b285f64-5717-4562-b3fc-2c963f66b010','2025-10-01 08:00', NULL);

-- 6. INSERT RIDES
INSERT INTO Rides (id, reservation_id, start_x, start_y, end_x, end_y, length, duration) VALUES
    ('6d485f64-5717-4562-b3fc-2c963f66d001','5c385f64-5717-4562-b3fc-2c963f66c001',52.3702,4.8952,52.0924,5.1045,35,60),
    ('6d485f64-5717-4562-b3fc-2c963f66d002','5c385f64-5717-4562-b3fc-2c963f66c002',51.9244,4.4777,50.8503,4.3517,80,120),
    ('6d485f64-5717-4562-b3fc-2c963f66d003','5c385f64-5717-4562-b3fc-2c963f66c003',52.0907,5.1214,52.3700,4.8950,60,90),
    ('6d485f64-5717-4562-b3fc-2c963f66d004','5c385f64-5717-4562-b3fc-2c963f66c004',52.0116,4.3571,51.9245,4.4780,30,45),
    ('6d485f64-5717-4562-b3fc-2c963f66d005','5c385f64-5717-4562-b3fc-2c963f66c005',51.4416,5.4697,52.0934,5.1110,70,105),
    ('6d485f64-5717-4562-b3fc-2c963f66d006','5c385f64-5717-4562-b3fc-2c963f66c006',52.3700,4.8950,52.0924,5.1045,40,60),
    ('6d485f64-5717-4562-b3fc-2c963f66d007','5c385f64-5717-4562-b3fc-2c963f66c007',52.3702,4.8952,52.0116,4.3571,55,80),
    ('6d485f64-5717-4562-b3fc-2c963f66d008','5c385f64-5717-4562-b3fc-2c963f66c008',51.9244,4.4777,52.0907,5.1214,65,95),
    ('6d485f64-5717-4562-b3fc-2c963f66d009','5c385f64-5717-4562-b3fc-2c963f66c009',52.0934,5.1110,51.9245,4.4780,75,110),
    ('6d485f64-5717-4562-b3fc-2c963f66d010','5c385f64-5717-4562-b3fc-2c963f66c010',52.0116,4.3571,52.3702,4.8952,50,75);

-- 7. INSERT PHOTOS
-- 4. INSERT PHOTOS
INSERT INTO Photos (id, car_id, reservation_id, user_id, file_path) VALUES
    ('f0010001-5717-4562-b3fc-2c963f66b001', '4b285f64-5717-4562-b3fc-2c963f66b001', NULL, NULL, 'photos/cars/4b285f64-5717-4562-b3fc-2c963f66b001/car_1.webp'),
    ('f0010002-5717-4562-b3fc-2c963f66b001', '4b285f64-5717-4562-b3fc-2c963f66b001', NULL, NULL, 'photos/cars/4b285f64-5717-4562-b3fc-2c963f66b001/car_2.webp'),
    ('f0010003-5717-4562-b3fc-2c963f66b001', '4b285f64-5717-4562-b3fc-2c963f66b001', NULL, NULL, 'photos/cars/4b285f64-5717-4562-b3fc-2c963f66b001/car_3.webp'),
    ('f0010004-5717-4562-b3fc-2c963f66b001', '4b285f64-5717-4562-b3fc-2c963f66b001', NULL, NULL, 'photos/cars/4b285f64-5717-4562-b3fc-2c963f66b001/car_4.webp'),
    ('f0010005-5717-4562-b3fc-2c963f66b001', '4b285f64-5717-4562-b3fc-2c963f66b001', NULL, NULL, 'photos/cars/4b285f64-5717-4562-b3fc-2c963f66b001/car_5.webp'),

    ('f0020001-5717-4562-b3fc-2c963f66b002', '4b285f64-5717-4562-b3fc-2c963f66b002', NULL, NULL, 'photos/cars/4b285f64-5717-4562-b3fc-2c963f66b002/car_1.webp'),
    ('f0020002-5717-4562-b3fc-2c963f66b002', '4b285f64-5717-4562-b3fc-2c963f66b002', NULL, NULL, 'photos/cars/4b285f64-5717-4562-b3fc-2c963f66b002/car_2.webp'),
    ('f0020003-5717-4562-b3fc-2c963f66b002', '4b285f64-5717-4562-b3fc-2c963f66b002', NULL, NULL, 'photos/cars/4b285f64-5717-4562-b3fc-2c963f66b002/car_3.webp'),
    ('f0020004-5717-4562-b3fc-2c963f66b002', '4b285f64-5717-4562-b3fc-2c963f66b002', NULL, NULL, 'photos/cars/4b285f64-5717-4562-b3fc-2c963f66b002/car_4.webp'),
    ('f0020005-5717-4562-b3fc-2c963f66b002', '4b285f64-5717-4562-b3fc-2c963f66b002', NULL, NULL, 'photos/cars/4b285f64-5717-4562-b3fc-2c963f66b002/car_5.webp'),

    ('f0030001-5717-4562-b3fc-2c963f66b003', '4b285f64-5717-4562-b3fc-2c963f66b003', NULL, NULL, 'photos/cars/4b285f64-5717-4562-b3fc-2c963f66b003/car_1.webp'),
    ('f0030002-5717-4562-b3fc-2c963f66b003', '4b285f64-5717-4562-b3fc-2c963f66b003', NULL, NULL, 'photos/cars/4b285f64-5717-4562-b3fc-2c963f66b003/car_2.webp'),
    ('f0030003-5717-4562-b3fc-2c963f66b003', '4b285f64-5717-4562-b3fc-2c963f66b003', NULL, NULL, 'photos/cars/4b285f64-5717-4562-b3fc-2c963f66b003/car_3.webp'),
    ('f0030004-5717-4562-b3fc-2c963f66b003', '4b285f64-5717-4562-b3fc-2c963f66b003', NULL, NULL, 'photos/cars/4b285f64-5717-4562-b3fc-2c963f66b003/car_4.webp'),
    ('f0030005-5717-4562-b3fc-2c963f66b003', '4b285f64-5717-4562-b3fc-2c963f66b003', NULL, NULL, 'photos/cars/4b285f64-5717-4562-b3fc-2c963f66b003/car_5.webp'),

    ('f0040001-5717-4562-b3fc-2c963f66b004', '4b285f64-5717-4562-b3fc-2c963f66b004', NULL, NULL, 'photos/cars/4b285f64-5717-4562-b3fc-2c963f66b004/car_1.webp'),
    ('f0040002-5717-4562-b3fc-2c963f66b004', '4b285f64-5717-4562-b3fc-2c963f66b004', NULL, NULL, 'photos/cars/4b285f64-5717-4562-b3fc-2c963f66b004/car_2.webp'),
    ('f0040003-5717-4562-b3fc-2c963f66b004', '4b285f64-5717-4562-b3fc-2c963f66b004', NULL, NULL, 'photos/cars/4b285f64-5717-4562-b3fc-2c963f66b004/car_3.webp'),
    ('f0040004-5717-4562-b3fc-2c963f66b004', '4b285f64-5717-4562-b3fc-2c963f66b004', NULL, NULL, 'photos/cars/4b285f64-5717-4562-b3fc-2c963f66b004/car_4.webp'),
    ('f0040005-5717-4562-b3fc-2c963f66b004', '4b285f64-5717-4562-b3fc-2c963f66b004', NULL, NULL, 'photos/cars/4b285f64-5717-4562-b3fc-2c963f66b004/car_5.webp'),

    ('f0050001-5717-4562-b3fc-2c963f66b005', '4b285f64-5717-4562-b3fc-2c963f66b005', NULL, NULL, 'photos/cars/4b285f64-5717-4562-b3fc-2c963f66b005/car_1.webp'),
    ('f0050002-5717-4562-b3fc-2c963f66b005', '4b285f64-5717-4562-b3fc-2c963f66b005', NULL, NULL, 'photos/cars/4b285f64-5717-4562-b3fc-2c963f66b005/car_2.webp'),
    ('f0050003-5717-4562-b3fc-2c963f66b005', '4b285f64-5717-4562-b3fc-2c963f66b005', NULL, NULL, 'photos/cars/4b285f64-5717-4562-b3fc-2c963f66b005/car_3.webp'),
    ('f0050004-5717-4562-b3fc-2c963f66b005', '4b285f64-5717-4562-b3fc-2c963f66b005', NULL, NULL, 'photos/cars/4b285f64-5717-4562-b3fc-2c963f66b005/car_4.webp'),
    ('f0050005-5717-4562-b3fc-2c963f66b005', '4b285f64-5717-4562-b3fc-2c963f66b005', NULL, NULL, 'photos/cars/4b285f64-5717-4562-b3fc-2c963f66b005/car_5.webp'),

    ('f0060001-5717-4562-b3fc-2c963f66b006', '4b285f64-5717-4562-b3fc-2c963f66b006', NULL, NULL, 'photos/cars/4b285f64-5717-4562-b3fc-2c963f66b006/car_1.webp'),
    ('f0060002-5717-4562-b3fc-2c963f66b006', '4b285f64-5717-4562-b3fc-2c963f66b006', NULL, NULL, 'photos/cars/4b285f64-5717-4562-b3fc-2c963f66b006/car_2.webp'),
    ('f0060003-5717-4562-b3fc-2c963f66b006', '4b285f64-5717-4562-b3fc-2c963f66b006', NULL, NULL, 'photos/cars/4b285f64-5717-4562-b3fc-2c963f66b006/car_3.webp'),
    ('f0060004-5717-4562-b3fc-2c963f66b006', '4b285f64-5717-4562-b3fc-2c963f66b006', NULL, NULL, 'photos/cars/4b285f64-5717-4562-b3fc-2c963f66b006/car_4.webp'),
    ('f0060005-5717-4562-b3fc-2c963f66b006', '4b285f64-5717-4562-b3fc-2c963f66b006', NULL, NULL, 'photos/cars/4b285f64-5717-4562-b3fc-2c963f66b006/car_5.webp'),

    ('f0070001-5717-4562-b3fc-2c963f66b007', '4b285f64-5717-4562-b3fc-2c963f66b007', NULL, NULL, 'photos/cars/4b285f64-5717-4562-b3fc-2c963f66b007/car_1.webp'),
    ('f0070002-5717-4562-b3fc-2c963f66b007', '4b285f64-5717-4562-b3fc-2c963f66b007', NULL, NULL, 'photos/cars/4b285f64-5717-4562-b3fc-2c963f66b007/car_2.webp'),
    ('f0070003-5717-4562-b3fc-2c963f66b007', '4b285f64-5717-4562-b3fc-2c963f66b007', NULL, NULL, 'photos/cars/4b285f64-5717-4562-b3fc-2c963f66b007/car_3.webp'),
    ('f0070004-5717-4562-b3fc-2c963f66b007', '4b285f64-5717-4562-b3fc-2c963f66b007', NULL, NULL, 'photos/cars/4b285f64-5717-4562-b3fc-2c963f66b007/car_4.webp'),
    ('f0070005-5717-4562-b3fc-2c963f66b007', '4b285f64-5717-4562-b3fc-2c963f66b007', NULL, NULL, 'photos/cars/4b285f64-5717-4562-b3fc-2c963f66b007/car_5.webp'),

    ('f0080001-5717-4562-b3fc-2c963f66b008', '4b285f64-5717-4562-b3fc-2c963f66b008', NULL, NULL, 'photos/cars/4b285f64-5717-4562-b3fc-2c963f66b008/car_1.webp'),
    ('f0080002-5717-4562-b3fc-2c963f66b008', '4b285f64-5717-4562-b3fc-2c963f66b008', NULL, NULL, 'photos/cars/4b285f64-5717-4562-b3fc-2c963f66b008/car_2.webp'),
    ('f0080003-5717-4562-b3fc-2c963f66b008', '4b285f64-5717-4562-b3fc-2c963f66b008', NULL, NULL, 'photos/cars/4b285f64-5717-4562-b3fc-2c963f66b008/car_3.webp'),
    ('f0080004-5717-4562-b3fc-2c963f66b008', '4b285f64-5717-4562-b3fc-2c963f66b008', NULL, NULL, 'photos/cars/4b285f64-5717-4562-b3fc-2c963f66b008/car_4.webp'),
    ('f0080005-5717-4562-b3fc-2c963f66b008', '4b285f64-5717-4562-b3fc-2c963f66b008', NULL, NULL, 'photos/cars/4b285f64-5717-4562-b3fc-2c963f66b008/car_5.webp'),

    ('f0090001-5717-4562-b3fc-2c963f66b009', '4b285f64-5717-4562-b3fc-2c963f66b009', NULL, NULL, 'photos/cars/4b285f64-5717-4562-b3fc-2c963f66b009/car_1.webp'),
    ('f0090002-5717-4562-b3fc-2c963f66b009', '4b285f64-5717-4562-b3fc-2c963f66b009', NULL, NULL, 'photos/cars/4b285f64-5717-4562-b3fc-2c963f66b009/car_2.webp'),
    ('f0090003-5717-4562-b3fc-2c963f66b009', '4b285f64-5717-4562-b3fc-2c963f66b009', NULL, NULL, 'photos/cars/4b285f64-5717-4562-b3fc-2c963f66b009/car_3.webp'),
    ('f0090004-5717-4562-b3fc-2c963f66b009', '4b285f64-5717-4562-b3fc-2c963f66b009', NULL, NULL, 'photos/cars/4b285f64-5717-4562-b3fc-2c963f66b009/car_4.webp'),
    ('f0090005-5717-4562-b3fc-2c963f66b009', '4b285f64-5717-4562-b3fc-2c963f66b009', NULL, NULL, 'photos/cars/4b285f64-5717-4562-b3fc-2c963f66b009/car_5.webp'),

    ('f0100001-5717-4562-b3fc-2c963f66b010', '4b285f64-5717-4562-b3fc-2c963f66b010', NULL, NULL, 'photos/cars/4b285f64-5717-4562-b3fc-2c963f66b010/car_1.webp'),
    ('f0100002-5717-4562-b3fc-2c963f66b010', '4b285f64-5717-4562-b3fc-2c963f66b010', NULL, NULL, 'photos/cars/4b285f64-5717-4562-b3fc-2c963f66b010/car_2.webp'),
    ('f0100003-5717-4562-b3fc-2c963f66b010', '4b285f64-5717-4562-b3fc-2c963f66b010', NULL, NULL, 'photos/cars/4b285f64-5717-4562-b3fc-2c963f66b010/car_3.webp'),
    ('f0100004-5717-4562-b3fc-2c963f66b010', '4b285f64-5717-4562-b3fc-2c963f66b010', NULL, NULL, 'photos/cars/4b285f64-5717-4562-b3fc-2c963f66b010/car_4.webp'),
    ('f0100005-5717-4562-b3fc-2c963f66b010', '4b285f64-5717-4562-b3fc-2c963f66b010', NULL, NULL, 'photos/cars/4b285f64-5717-4562-b3fc-2c963f66b010/car_5.webp');

-- 8. INSERT BONUSPOINTS
INSERT INTO BonusPoints (id, user_id, ride_id, points) VALUES
    ('8f685f64-5717-4562-b3fc-2c963f66f001','3fa85f64-5717-4562-b3fc-2c963f66a001','6d485f64-5717-4562-b3fc-2c963f66d001',50),
    ('8f685f64-5717-4562-b3fc-2c963f66f002','3fa85f64-5717-4562-b3fc-2c963f66a004','6d485f64-5717-4562-b3fc-2c963f66d002',40),
    ('8f685f64-5717-4562-b3fc-2c963f66f003','3fa85f64-5717-4562-b3fc-2c963f66a006','6d485f64-5717-4562-b3fc-2c963f66d003',30),
    ('8f685f64-5717-4562-b3fc-2c963f66f004','3fa85f64-5717-4562-b3fc-2c963f66a008','6d485f64-5717-4562-b3fc-2c963f66d004',25),
    ('8f685f64-5717-4562-b3fc-2c963f66f005','3fa85f64-5717-4562-b3fc-2c963f66a010','6d485f64-5717-4562-b3fc-2c963f66d005',35),
    ('8f685f64-5717-4562-b3fc-2c963f66f006','3fa85f64-5717-4562-b3fc-2c963f66a003','6d485f64-5717-4562-b3fc-2c963f66d006',45),
    ('8f685f64-5717-4562-b3fc-2c963f66f007','3fa85f64-5717-4562-b3fc-2c963f66a002','6d485f64-5717-4562-b3fc-2c963f66d007',55),
    ('8f685f64-5717-4562-b3fc-2c963f66f008','3fa85f64-5717-4562-b3fc-2c963f66a009','6d485f64-5717-4562-b3fc-2c963f66d008',20),
    ('8f685f64-5717-4562-b3fc-2c963f66f009','3fa85f64-5717-4562-b3fc-2c963f66a007','6d485f64-5717-4562-b3fc-2c963f66d009',60),
    ('8f685f64-5717-4562-b3fc-2c963f66f010','3fa85f64-5717-4562-b3fc-2c963f66a001','6d485f64-5717-4562-b3fc-2c963f66d010',30);

-- 9. REFERENCES / Foreign Keys
ALTER TABLE Cars ADD CONSTRAINT fk_owners FOREIGN KEY (owner_id) REFERENCES Users(id) ON DELETE CASCADE;
ALTER TABLE Reservations ADD CONSTRAINT fk_users FOREIGN KEY (user_id) REFERENCES Users(id) ON DELETE CASCADE;
ALTER TABLE Reservations ADD CONSTRAINT fk_cars FOREIGN KEY (car_id) REFERENCES Cars(id) ON DELETE SET NULL;
ALTER TABLE Rides ADD CONSTRAINT fk_reservations FOREIGN KEY (reservation_id) REFERENCES Reservations(id) ON DELETE CASCADE;
ALTER TABLE Photos ADD CONSTRAINT fk_car_photos FOREIGN KEY (car_id) REFERENCES Cars(id) ON DELETE CASCADE;
ALTER TABLE Photos ADD CONSTRAINT fk_reservations_photos FOREIGN KEY (reservation_id) REFERENCES Reservations(id) ON DELETE CASCADE;
ALTER TABLE BonusPoints ADD CONSTRAINT fk_users_bonus FOREIGN KEY (user_id) REFERENCES Users(id) ON DELETE CASCADE;
ALTER TABLE BonusPoints ADD CONSTRAINT fk_rides_bonus FOREIGN KEY (ride_id) REFERENCES Rides(id) ON DELETE SET NULL;
ALTER TABLE Availabilities ADD CONSTRAINT fk_cars_availabilities FOREIGN KEY (car_id) REFERENCES Cars(id) ON DELETE CASCADE;